{"stats":{"minecraft:picked_up":{"minecraft:crafting_table":1,"minecraft:clay_ball":116,"farmersdelight:rice_panicle":1,"minecraft:wooden_pickaxe":1,"botania:red_petal_block":2,"gravestone:obituary":6,"minecraft:shield":1,"farmersdelight:cutting_board":1,"minecraft:string":6,"silentgems:sapphire":1,"botania:cyan_petal_block":2,"tconstruct:hand_axe":1,"minecraft:red_sand":1,"mysticalagriculture:inferium_essence":9,"minecraft:beef":2,"create:zinc_ore":1,"minecraft:poppy":1,"minecraft:iron_pickaxe":1,"minecraft:spruce_slab":13,"minecraft:melon_slice":48,"botania:black_petal_block":1,"ironchest:dirt_chest":5,"minecraft:tipped_arrow":2,"minecraft:dark_oak_sapling":3,"minecraft:stick":51,"minecraft:sandstone":2,"farmersdelight:cabbage_crate":2,"minecraft:composter":1,"quark:crab_shell":1,"minecraft:torch":7,"minecraft:porkchop":1,"silentgems:aquamarine":1,"minecraft:honeycomb_block":1,"quark:green_crystal":1,"minecraft:diorite":4,"botania:yellow_petal_block":1,"farmersdelight:rice_bale":2,"minecraft:pink_terracotta":5,"botania:magenta_petal_block":1,"minecraft:purple_terracotta":2,"botania:white_petal_block":1,"quark:yellow_crystal":1,"minecraft:rotten_flesh":6,"farmersdelight:tree_bark":11,"quark:orange_blossom_sapling":71,"ars_nouveau:worn_notebook":2,"tconstruct:tinker_station":1,"minecraft:hay_block":7,"minecraft:yellow_terracotta":2,"minecraft:saddle":1,"quark:brimstone":3,"botania:light_blue_petal_block":1,"mekanism:lead_ore":1,"bigreactors:yellorite_ore":2,"minecraft:mutton":2,"quark:crab_leg":1,"minecraft:white_wool":2,"farmersdelight:beetroot_crate":1,"minecraft:magma_block":3,"minecraft:stripped_oak_log":11,"quark:basalt":5,"farmersdelight:onion_crate":3,"farmersdelight:rich_soil":3,"farmersdelight:straw_bale":1,"farmersdelight:rice":1,"minecraft:andesite":14,"tconstruct:part_builder":1,"minecraft:leather":2,"minecraft:mushroom_stew":1,"minecraft:flint":3,"minecraft:oak_log":157,"minecraft:gunpowder":2,"quark:limestone":1,"farmersdelight:carrot_crate":2,"minecraft:lapis_lazuli":6,"botania:light_gray_petal_block":1,"botania:pebble":93,"quark:red_crystal":1,"minecraft:dirt":164,"minecraft:white_banner":4,"silentgems:opal":1,"quark:indigo_crystal":1,"farmersdelight:organic_compost":1,"botania:living_root":4,"minecraft:bone":2,"create:copper_ore":1,"botania:lime_petal_block":1,"minecraft:apple":9,"minecraft:gray_terracotta":2,"minecraft:red_sandstone":1,"minecraft:rabbit_hide":1,"ftbquests:book":1,"minecraft:cobweb":1,"minecraft:stone_pickaxe":1,"quark:tallow":3,"minecraft:iron_ore":2,"minecraft:rabbit":1,"minecraft:bamboo":1,"mekanism:osmium_ore":1,"minecraft:oak_planks":11,"quark:myalite":1,"silentgems:silver_ore":1,"minecraft:oak_slab":15,"minecraft:pumpkin":11,"minecraft:dandelion":1,"minecraft:gravel":20,"minecraft:sand":26,"quark:red_blossom_sapling":1,"minecraft:spruce_log":97,"silentgear:bort":1,"quark:oak_chest":1,"minecraft:spider_eye":2,"minecraft:mossy_cobblestone":4,"quark:jasper":1,"minecraft:light_gray_terracotta":1,"minecraft:dried_kelp_block":4,"minecraft:slime_ball":23,"immersiveengineering:seed":1,"quark:sandy_bricks":3,"botanypots:botany_pot":3,"minecraft:crossbow":1,"minecraft:granite":2,"minecraft:bone_meal":1,"farmersdelight:rice_bag":2,"minecraft:spruce_button":1,"minecraft:bread":4,"minecraft:emerald":3,"tconstruct:pattern":62,"minecraft:terracotta":3,"silentgems:heliodor":1,"minecraft:oak_sapling":77,"minecraft:coal":5},"minecraft:dropped":{"minecraft:bread":4,"minecraft:oak_log":13,"minecraft:spruce_button":1,"minecraft:mushroom_stew":1,"minecraft:stick":11,"ars_nouveau:worn_notebook":1,"tconstruct:hand_axe":3,"minecraft:melon_slice":26,"gravestone:obituary":9,"ftbquests:book":1,"minecraft:stone_axe":1,"minecraft:bowl":2,"minecraft:oak_planks":8,"minecraft:slime_ball":2,"minecraft:stone_pickaxe":1},"minecraft:custom":{"minecraft:mob_kills":41,"minecraft:interact_with_crafting_table":34,"minecraft:leave_game":2,"minecraft:time_since_death":19273,"minecraft:sprint_one_cm":249992,"minecraft:walk_one_cm":394037,"minecraft:damage_blocked_by_shield":120,"minecraft:drop":31,"minecraft:talked_to_villager":9,"minecraft:raid_win":1,"minecraft:deaths":3,"minecraft:sneak_time":24992,"minecraft:walk_under_water_one_cm":23512,"minecraft:jump":928,"minecraft:walk_on_water_one_cm":19305,"minecraft:interact_with_furnace":27,"minecraft:play_one_minute":180938,"minecraft:time_since_rest":19295,"minecraft:damage_taken":1470,"minecraft:damage_dealt":5154,"minecraft:fly_one_cm":135317,"minecraft:swim_one_cm":8886,"minecraft:open_chest":286,"minecraft:crouch_one_cm":100233,"minecraft:fall_one_cm":14817},"minecraft:mined":{"quark:green_crystal":1,"farmersdelight:rice_bag":3,"farmersdelight:rich_soil":2,"minecraft:oak_sapling":6,"quark:yellow_blossom_leaves":8,"quark:orange_blossom_leaves":224,"minecraft:dark_oak_leaves":7,"tconstruct:tinker_station":1,"minecraft:jungle_leaves":6,"botania:red_petal_block":2,"quark:blue_blossom_leaves":6,"botania:black_petal_block":1,"gravestone:gravestone":3,"minecraft:grass_block":34,"botania:magenta_petal_block":1,"botanypots:botany_pot":3,"minecraft:spruce_leaves":3,"botania:light_blue_petal_block":1,"minecraft:composter":1,"minecraft:hay_block":7,"quark:pink_blossom_leaves":4,"quark:basalt":1,"bigreactors:yellorite_ore":1,"minecraft:andesite":11,"minecraft:pumpkin":11,"botania:root":1,"quark:limestone":1,"quark:permafrost":1,"minecraft:white_banner":1,"botania:lime_petal_block":1,"tconstruct:part_builder":1,"minecraft:spruce_slab":9,"quark:red_blossom_leaves":5,"minecraft:pink_terracotta":3,"minecraft:podzol":24,"minecraft:acacia_leaves":4,"botania:white_petal_block":1,"minecraft:oak_slab":12,"mekanism:osmium_ore":1,"farmersdelight:organic_compost":1,"quark:oak_chest":1,"quark:lavender_blossom_leaves":5,"botania:light_gray_petal_block":1,"farmersdelight:potato_crate":1,"minecraft:dandelion":1,"minecraft:clay":16,"minecraft:crafting_table":1,"minecraft:torch":4,"farmersdelight:cabbage_crate":2,"botania:cyan_petal_block":2,"farmersdelight:straw_bale":1,"minecraft:poppy":1,"minecraft:melon":7,"farmersdelight:onion_crate":3,"farmersdelight:carrot_crate":1,"minecraft:dried_kelp_block":3,"minecraft:lapis_ore":1,"minecraft:oak_planks":11,"ironchest:dirt_chest":5,"farmersdelight:rice_bale":1,"farmersdelight:cutting_board":1,"minecraft:spruce_log":99,"quark:orange_blossom_sapling":5,"minecraft:birch_leaves":2,"minecraft:bee_nest":3,"botania:yellow_petal_block":1,"minecraft:grass":2,"minecraft:oak_log":155,"minecraft:dark_oak_sapling":2,"minecraft:sand":24,"minecraft:gravel":20,"minecraft:dirt":105,"minecraft:cobweb":1,"minecraft:terracotta":1,"farmersdelight:beetroot_crate":1,"minecraft:oak_leaves":116},"minecraft:used":{"minecraft:oak_fence":21,"farmersdelight:onion_crate":1,"minecraft:stone_sword":1,"minecraft:stone_shovel":2,"minecraft:spruce_slab":234,"minecraft:shield":3,"botanypots:botany_pot":3,"minecraft:wooden_shovel":14,"minecraft:torch":24,"minecraft:dirt":328,"minecraft:pink_terracotta":2,"minecraft:spruce_fence":3,"minecraft:wooden_axe":44,"oneblock:obanalyzer":22,"carryon:entity_item":1,"tconstruct:tinker_station":1,"carryon:tile_item":4,"farmersdelight:cutting_board":2,"minecraft:oak_sapling":37,"tconstruct:part_builder":1,"quark:orange_blossom_sapling":14,"minecraft:dark_oak_sapling":3,"ironchest:dirt_chest":2,"minecraft:water_bucket":6,"minecraft:stone_pickaxe":1,"minecraft:oak_planks":11,"minecraft:oak_slab":825,"minecraft:crafting_table":2,"minecraft:mushroom_stew":4,"silentgear:axe":350,"minecraft:oak_log":6,"minecraft:melon_slice":7,"minecraft:bread":10,"minecraft:gravel":20,"minecraft:stone_axe":147,"minecraft:andesite":11,"minecraft:bucket":6,"quark:oak_chest":4,"quark:red_blossom_sapling":1,"minecraft:cobweb":1},"minecraft:broken":{"minecraft:stone_axe":1,"minecraft:wooden_axe":1},"minecraft:killed":{"minecraft:cave_spider":4,"quark:wrapped":1,"minecraft:vindicator":1,"minecraft:slime":20,"minecraft:llama":1,"quark:crab":2,"minecraft:silverfish":1,"minecraft:zombie_villager":2,"minecraft:ravager":1,"minecraft:creeper":1,"minecraft:pillager":6,"minecraft:stray":1},"minecraft:killed_by":{"minecraft:player":1,"minecraft:vindicator":2},"minecraft:crafted":{"tconstruct:pickaxe":3,"minecraft:stone_shovel":1,"tconstruct:part_builder":1,"silentgear:axe":1,"silentgear:axe_head":1,"tconstruct:tool_binding":3,"minecraft:spruce_fence":3,"tconstruct:hand_axe":2,"minecraft:slime_ball":2,"tconstruct:small_axe_head":2,"tconstruct:pickaxe_head":1,"minecraft:wooden_shovel":1,"minecraft:bowl":4,"tconstruct:tool_handle":3,"minecraft:stone_axe":2,"minecraft:air":2151,"farmersdelight:cutting_board":1,"quark:oak_chest":1,"minecraft:iron_ingot":10,"minecraft:stone_sword":1}},"DataVersion":2586}