{"stats":{"minecraft:picked_up":{"minecraft:wheat":4,"minecraft:clay_ball":4,"silentgems:hardened_stone":5,"minecraft:wooden_pickaxe":3,"gravestone:obituary":3,"silentgems:sapphire":6,"silentgems:agate":5,"minecraft:red_sand":14,"mysticalagriculture:inferium_essence":48,"minecraft:beef":2,"silentgems:amethyst":2,"quark:permafrost":13,"create:zinc_ore":26,"silentgems:peridot":7,"minecraft:iron_pickaxe":1,"astralsorcery:marble_raw":9,"minecraft:melon_slice":17,"botania:black_petal_block":1,"minecraft:tipped_arrow":2,"silentgems:soul_gem":1,"minecraft:stick":46,"minecraft:sandstone":10,"farmersdelight:potato_crate":6,"silentgems:onyx":9,"quark:crab_shell":1,"minecraft:bowl":3,"mekanism:tin_ore":13,"minecraft:torch":1,"mysticalagriculture:prosperity_shard":15,"silentgems:aquamarine":10,"minecraft:cookie":1,"minecraft:honeycomb_block":6,"quark:orange_crystal":3,"quark:green_crystal":5,"minecraft:diorite":18,"minecraft:redstone":86,"minecraft:pink_terracotta":18,"minecraft:purple_terracotta":16,"minecraft:arrow":5,"quark:yellow_crystal":7,"quark:violet_crystal":7,"minecraft:rotten_flesh":1,"silentgems:chaos_crystal":11,"minecraft:pumpkin_pie":1,"quark:orange_blossom_sapling":29,"minecraft:yellow_terracotta":12,"quark:brimstone":5,"bigreactors:yellorite_ore":16,"minecraft:mutton":2,"mekanism:lead_ore":23,"quark:crab_leg":1,"minecraft:cobblestone":83,"quark:basalt":2,"quark:slate":22,"botania:blue_petal_block":2,"minecraft:magma_block":9,"farmersdelight:onion_crate":3,"minecraft:andesite":31,"minecraft:leather":5,"silentgems:garnet":7,"minecraft:mushroom_stew":16,"minecraft:oak_log":62,"quark:black_crystal":6,"quark:frog_leg":1,"farmersdelight:carrot_crate":2,"botania:pebble":68,"quark:limestone":5,"minecraft:lapis_lazuli":150,"minecraft:dirt":45,"quark:red_crystal":7,"minecraft:white_banner":1,"silentgems:opal":6,"quark:indigo_crystal":8,"minecraft:bone":4,"silentgems:tanzanite":6,"create:copper_ore":28,"minecraft:apple":3,"minecraft:red_sandstone":10,"minecraft:gray_terracotta":12,"silentgems:amber":4,"minecraft:wheat_seeds":14,"silentgems:ruby":9,"silentgems:morganite":9,"minecraft:iron_ore":70,"mekanism:osmium_ore":15,"minecraft:oak_planks":9,"quark:myalite":6,"silentgems:silver_ore":30,"minecraft:pumpkin":1,"minecraft:sand":19,"minecraft:gravel":20,"silentgems:green_sapphire":7,"silentgems:phosphophyllite":1,"quark:blue_crystal":5,"minecraft:spruce_log":24,"silentgear:bort":5,"minecraft:gold_ore":12,"minecraft:mossy_cobblestone":20,"quark:jasper":10,"minecraft:light_gray_terracotta":8,"mekanism:uranium_ore":6,"minecraft:slime_ball":8,"minecraft:diamond":8,"minecraft:granite":27,"minecraft:bone_meal":2,"farmersdelight:rice_bag":2,"minecraft:terracotta":13,"minecraft:emerald":3,"silentgems:heliodor":7,"minecraft:oak_sapling":38,"minecraft:coal":69,"silentgems:topaz":11},"minecraft:dropped":{"quark:permafrost":1,"minecraft:wheat_seeds":2,"minecraft:mossy_cobblestone":11,"quark:myalite":1,"minecraft:cobblestone":6,"minecraft:granite":10,"minecraft:spruce_button":1,"quark:slate":2,"minecraft:coal":3,"minecraft:stick":18,"minecraft:dirt":3,"minecraft:diorite":8,"quark:red_crystal":1,"farmersdelight:carrot_crate":1,"farmersdelight:rice_bag":1,"gravestone:obituary":9,"minecraft:iron_pickaxe":2,"quark:jasper":1,"minecraft:bone":1,"quark:yellow_crystal":1,"minecraft:gravel":2,"silentgems:amber":1,"quark:basalt":3,"minecraft:wheat":1,"farmersdelight:potato_crate":4,"quark:sandy_bricks":3,"minecraft:clay_ball":4,"minecraft:shield":1,"mysticalagriculture:inferium_essence":1,"minecraft:andesite":6,"quark:brimstone":1,"silentgems:hardened_stone":1,"minecraft:slime_ball":2,"minecraft:stone_pickaxe":1,"minecraft:wooden_pickaxe":4,"minecraft:magma_block":1,"minecraft:terracotta":2},"minecraft:custom":{"minecraft:mob_kills":50,"minecraft:interact_with_crafting_table":33,"minecraft:time_since_death":3886,"minecraft:sprint_one_cm":91115,"minecraft:walk_one_cm":284278,"minecraft:damage_blocked_by_shield":150,"minecraft:drop":71,"minecraft:talked_to_villager":12,"minecraft:raid_win":1,"minecraft:deaths":8,"minecraft:sneak_time":1298,"minecraft:jump":792,"minecraft:walk_on_water_one_cm":16044,"minecraft:interact_with_furnace":17,"minecraft:play_one_minute":133171,"minecraft:raid_trigger":1,"minecraft:time_since_rest":3909,"minecraft:damage_taken":3185,"minecraft:damage_dealt":7466,"minecraft:player_kills":1,"minecraft:fly_one_cm":56903,"minecraft:open_chest":123,"minecraft:crouch_one_cm":2226,"minecraft:fall_one_cm":23801,"minecraft:horse_one_cm":3169},"minecraft:mined":{"quark:green_crystal":5,"minecraft:yellow_terracotta":14,"create:zinc_ore":27,"silentgems:ruby_ore":8,"mysticalagriculture:prosperity_ore":5,"botania:blue_petal_block":2,"minecraft:diamond_ore":8,"quark:brimstone":7,"minecraft:oak_sapling":1,"quark:orange_blossom_leaves":18,"quark:red_crystal":7,"silentgems:multi_ore_classic":6,"quark:yellow_blossom_leaves":1,"minecraft:mossy_cobblestone":13,"minecraft:jungle_leaves":2,"quark:blue_blossom_leaves":1,"botania:black_petal_block":1,"gravestone:gravestone":8,"minecraft:granite":19,"minecraft:red_sand":15,"minecraft:purple_terracotta":18,"minecraft:grass_block":16,"silentgems:hardened_stone":4,"silentgems:aquamarine_ore":10,"minecraft:spruce_leaves":1,"minecraft:sandstone":11,"quark:jasper":10,"mysticalagriculture:inferium_ore":14,"quark:yellow_crystal":7,"silentgems:topaz_ore":10,"minecraft:magma_block":11,"minecraft:redstone_ore":19,"quark:pink_blossom_leaves":2,"quark:violet_crystal":7,"quark:basalt":3,"minecraft:red_sandstone":11,"botania:mana_flame":1,"minecraft:iron_ore":72,"bigreactors:yellorite_ore":17,"minecraft:andesite":28,"minecraft:pumpkin":1,"create:copper_ore":29,"silentgems:opal_ore":7,"silentgear:bort_ore":6,"quark:limestone":5,"minecraft:packed_ice":12,"quark:permafrost":11,"minecraft:stone":43,"minecraft:podzol":1,"quark:red_blossom_leaves":3,"minecraft:pink_terracotta":20,"quark:myalite":6,"minecraft:gray_terracotta":14,"silentgems:peridot_ore":7,"silentgems:tanzanite_ore":6,"minecraft:acacia_leaves":3,"mekanism:osmium_ore":15,"farmersdelight:potato_crate":1,"minecraft:clay":2,"minecraft:light_gray_terracotta":9,"minecraft:emerald_ore":5,"silentgems:amethyst_ore":1,"silentgems:garnet_ore":7,"minecraft:melon":1,"quark:orange_crystal":3,"mekanism:tin_ore":13,"farmersdelight:onion_crate":3,"farmersdelight:carrot_crate":2,"minecraft:tall_grass":4,"minecraft:cobblestone":34,"minecraft:honeycomb_block":7,"minecraft:dried_kelp_block":1,"minecraft:lapis_ore":21,"minecraft:diorite":14,"silentgems:silver_ore":31,"silentgems:green_sapphire_ore":7,"mekanism:uranium_ore":6,"farmersdelight:rice_bale":1,"silentgems:amber_ore":3,"minecraft:blue_ice":5,"silentgems:phosphophyllite_ore":1,"silentgems:heliodor_ore":8,"minecraft:ice":16,"minecraft:spruce_log":22,"minecraft:bee_nest":3,"silentgems:chaos_ore":3,"quark:slate":20,"astralsorcery:marble_raw":9,"minecraft:grass":7,"minecraft:oak_log":57,"silentgems:agate_ore":5,"minecraft:coal_ore":71,"minecraft:mycelium":12,"mekanism:lead_ore":24,"quark:black_crystal":6,"minecraft:sand":21,"minecraft:dirt":13,"minecraft:gravel":21,"silentgems:onyx_ore":8,"minecraft:terracotta":13,"quark:blue_crystal":5,"silentgems:sapphire_ore":7,"silentgems:morganite_ore":8,"minecraft:gold_ore":12,"minecraft:oak_leaves":131,"quark:indigo_crystal":9},"minecraft:used":{"quark:frog_leg":1,"quark:crab_leg":1,"minecraft:shield":2,"minecraft:stone_hoe":22,"minecraft:torch":1,"minecraft:dirt":4,"farmersdelight:carrot_crate":1,"minecraft:iron_axe":310,"botania:black_petal_block":1,"oneblock:obanalyzer":5,"quark:slate":15,"carryon:entity_item":1,"carryon:tile_item":1,"minecraft:oak_sapling":2,"minecraft:furnace":2,"quark:orange_blossom_sapling":7,"minecraft:water_bucket":15,"minecraft:wheat_seeds":12,"minecraft:cooked_mutton":2,"quark:myalite":3,"minecraft:stone_pickaxe":15,"minecraft:wooden_pickaxe":2,"minecraft:composter":1,"minecraft:mushroom_stew":2,"minecraft:purple_terracotta":5,"minecraft:apple":1,"minecraft:bread":11,"minecraft:iron_pickaxe":1135,"minecraft:cobblestone":13,"minecraft:white_banner":1,"minecraft:pumpkin_pie":1,"minecraft:bucket":16,"quark:oak_chest":3,"minecraft:bone_meal":2},"minecraft:broken":{"minecraft:iron_axe":1,"minecraft:iron_pickaxe":4},"minecraft:killed":{"minecraft:vex":3,"minecraft:cave_spider":3,"minecraft:witch":1,"quark:wrapped":1,"minecraft:vindicator":3,"minecraft:slime":17,"minecraft:llama":1,"quark:crab":1,"minecraft:silverfish":4,"minecraft:wolf":2,"minecraft:husk":1,"minecraft:pig":1,"minecraft:zombie_villager":1,"minecraft:creeper":1,"minecraft:trader_llama":1,"minecraft:pillager":5,"minecraft:stray":3},"minecraft:killed_by":{"minecraft:stray":1,"minecraft:ravager":1,"minecraft:vindicator":4,"minecraft:vex":1},"minecraft:crafted":{"minecraft:oak_planks":28,"minecraft:cooked_mutton":2,"minecraft:iron_axe":2,"minecraft:stone_pickaxe":1,"minecraft:oak_slab":12,"minecraft:spruce_planks":16,"minecraft:bucket":1,"minecraft:air":70,"minecraft:cobblestone":3,"minecraft:stick":8,"quark:oak_chest":1,"minecraft:iron_ingot":52,"minecraft:iron_pickaxe":3}},"DataVersion":2586}